id,region_id,sigla_provincia,name,tipologia_provincia,numero_comuni,superficie_kmq,codice_sovracomunale
1,19,AG,Agrigento,Libero consorzio di comuni,43,3053.8476,084
2,1,AL,Alessandria,Provincia,187,3558.4988,006
3,11,AN,Ancona,Provincia,47,1962.8560,042
4,2,AO,"Valle d'Aosta",Provincia,74,3260.5014,007
5,11,AP,Ascoli Piceno,Provincia,33,1228.6084,044
6,13,AQ,"L'Aquila",Provincia,108,5048.0699,066
7,9,AR,Arezzo,Provincia,36,3233.6923,051
8,1,AT,Asti,Provincia,117,1509.8837,005
9,15,AV,Avellino,Provincia,118,2806.5339,064
10,16,BA,Bari,Citta metropolitana,41,3862.3022,272
11,3,BG,Bergamo,Provincia,243,2754.9776,016
12,1,BI,Biella,Provincia,74,912.8755,096
13,5,BL,Belluno,Provincia,60,3609.4576,025
14,15,BN,Benevento,Provincia,78,2079.5411,062
15,8,BO,Bologna,Citta metropolitana,55,3702.7025,237
16,16,BR,Brindisi,Provincia,20,1861.4448,074
17,3,BS,Brescia,Provincia,205,4785.2655,017
18,16,BT,Barletta-Andria-Trani,Provincia,10,1542.5857,110
19,4,BZ,"Bolzano/Bozen",Provincia autonoma,116,7399.8664,021
20,20,CA,Cagliari,citta metropolitana,70,4310.6091,318
21,14,CB,Campobasso,Provincia,84,2926.2367,070
22,15,CE,Caserta,Provincia,104,2652.8768,061
23,13,CH,Chieti,Provincia,104,2599.7078,069
24,20,CI,Sulcis Iglesiente,provincia,24,1747.3604,119
25,19,CL,Caltanissetta,Libero consorzio di comuni,22,2137.8780,085
26,1,CN,Cuneo,Provincia,247,6897.5707,004
27,3,CO,Como,Provincia,147,1280.2443,013
28,3,CR,Cremona,Provincia,113,1768.7761,019
29,18,CS,Cosenza,Provincia,150,6707.7324,078
30,19,CT,Catania,Citta metropolitana,58,3575.7532,287
31,18,CZ,Catanzaro,Provincia,80,2415.4630,079
32,19,EN,Enna,Libero consorzio di comuni,20,2574.4569,086
33,8,FC,"Forlì-Cesena",Provincia,30,2378.2176,040
34,8,FE,Ferrara,Provincia,21,2626.8845,038
35,16,FG,Foggia,Provincia,61,7006.6088,071
36,9,FI,Firenze,Citta metropolitana,41,3513.2944,248
37,11,FM,Fermo,Provincia,40,862.9883,109
38,12,FR,Frosinone,Provincia,91,3246.9386,060
39,7,GE,Genova,Citta metropolitana,67,1834.6851,210
40,6,GO,Gorizia,"Unità non amministrativa",25,475.2688,031
41,9,GR,Grosseto,Provincia,28,4502.9911,053
42,7,IM,Imperia,Provincia,66,1156.1005,008
43,14,IS,Isernia,Provincia,52,1535.1224,094
44,18,KR,Crotone,Provincia,27,1735.2799,101
45,3,LC,Lecco,Provincia,84,805.2909,097
46,16,LE,Lecce,Provincia,96,2797.8753,075
47,9,LI,Livorno,Provincia,19,1215.7199,049
48,3,LO,Lodi,Provincia,60,783.5348,098
49,12,LT,Latina,Provincia,33,2258.0380,059
50,9,LU,Lucca,Provincia,33,1773.9099,046
51,3,MB,"Monza e della Brianza",Provincia,55,405.2053,108
52,11,MC,Macerata,Provincia,55,2779.7043,043
53,19,ME,Messina,Citta metropolitana,108,3265.6385,283
54,3,MI,Milano,Citta metropolitana,133,1574.8656,215
55,3,MN,Mantova,Provincia,64,2342.0461,020
56,8,MO,Modena,Provincia,47,2687.9155,036
57,9,MS,Massa-Carrara,Provincia,17,1154.5549,045
58,17,MT,Matera,Provincia,31,3479.1405,077
59,15,NA,Napoli,Citta metropolitana,92,1180.1174,263
60,1,NO,Novara,Provincia,87,1340.1408,003
61,20,NU,Nuoro,provincia,53,3992.0939,114
62,20,OG,Ogliastra,provincia,23,1855.0852,116
63,20,OR,Oristano,provincia,87,2991.3615,115
64,20,OT,Gallura Nord-Est Sardegna,provincia,26,3409.8695,113
65,19,PA,Palermo,Citta metropolitana,82,5007.2403,282
66,8,PC,Piacenza,Provincia,46,2585.9915,033
67,5,PD,Padova,Provincia,101,2143.0099,028
68,13,PE,Pescara,Provincia,46,1229.5741,068
69,10,PG,Perugia,Provincia,59,6337.4156,054
70,9,PI,Pisa,Provincia,37,2444.7171,050
71,6,PN,Pordenone,"Unità non amministrativa",50,2274.8873,093
72,9,PO,Prato,Provincia,7,365.3896,100
73,8,PR,Parma,Provincia,44,3446.5930,034
74,9,PT,Pistoia,Provincia,20,964.6782,047
75,11,PU,Pesaro e Urbino,Provincia,50,2511.7349,041
76,3,PV,Pavia,Provincia,184,2966.5036,018
77,17,PZ,Potenza,Provincia,100,6594.7722,076
78,8,RA,Ravenna,Provincia,18,1859.1320,039
79,18,RC,Reggio Calabria,Citta metropolitana,97,3209.3112,280
80,8,RE,"Reggio nell'Emilia",Provincia,42,2291.1120,035
81,19,RG,Ragusa,Libero consorzio di comuni,12,1623.8624,088
82,12,RI,Rieti,Provincia,73,2749.5890,057
83,12,RM,Roma,Citta metropolitana,121,5366.6113,258
84,8,RN,Rimini,Provincia,27,922.7185,099
85,5,RO,Rovigo,Provincia,50,1824.5619,029
86,15,SA,Salerno,Provincia,158,4956.2621,065
87,9,SI,Siena,Provincia,35,3820.9566,052
88,3,SO,Sondrio,Provincia,77,3195.7809,014
89,7,SP,La Spezia,Provincia,32,882.3457,011
90,19,SR,Siracusa,Libero consorzio di comuni,21,2123.7244,089
91,20,SS,Sassari,citta metropolitana,66,4285.4428,312
92,7,SV,Savona,Provincia,69,1546.3207,009
93,16,TA,Taranto,Provincia,29,2467.6295,073
94,13,TE,Teramo,Provincia,47,1953.9881,067
95,4,TN,Trento,Provincia autonoma,166,6207.8899,022
96,1,TO,Torino,Citta metropolitana,312,6828.1721,201
97,19,TP,Trapani,Libero consorzio di comuni,25,2470.0599,081
98,10,TR,Terni,Provincia,33,2126.9428,055
99,6,TS,Trieste,"Unità non amministrativa",6,212.5113,032
100,5,TV,Treviso,Provincia,94,2478.9348,026
101,6,UD,Udine,"Unità non amministrativa",134,4970.4991,030
102,3,VA,Varese,Provincia,136,1198.6612,012
103,1,VB,Verbano-Cusio-Ossola,Provincia,74,2262.1551,103
104,1,VC,Vercelli,Provincia,82,2082.4067,002
105,5,VE,Venezia,Citta metropolitana,44,2480.3727,227
106,5,VI,Vicenza,Provincia,113,2721.8512,024
107,5,VR,Verona,Provincia,98,3096.0326,023
108,20,VS,Medio Campidano,provincia,28,1518.0980,117
109,12,VT,Viterbo,Provincia,60,3615.0313,056
110,18,VV,Vibo Valentia,Provincia,50,1149.3117,102
